"Name","BMK_id","source","reads_scanned","len_R1_min","len_R1_max","len_R2_min","len_R2_max","meanQ_R1","meanQ_R2","pct_EE2_R1_trunc","pct_EE5_R2_trunc","pct_799F_at_start","pct_1193R_at_start","pct_primer_dimer","predicted_merge_pct","n_flowcells","flowcells"
"AF1","M0001","run2_original",92476,250,250,250,250,35.86,35.24,95.8,97.9,94.5,94.6,29.9,70.1,2,"HN5N2DRX7;HN7YNDRX7"
"AF2","M0002","run2_original",177418,250,250,250,250,35.86,35.05,95.9,98,96,95.4,30,70,2,"HN5N2DRX7;HN7YNDRX7"
"AF3","M0003","run2_original",80136,250,250,250,250,35.87,35.37,95.5,98.1,37.4,37,15.9,84.1,2,"HN5N2DRX7;HN7YNDRX7"
"AF4","M0004","run2_original",75943,250,250,250,250,35.98,35.27,96.3,97.9,43.6,43,18.4,81.6,2,"HN5N2DRX7;HN7YNDRX7"
"AF5","M0005","run2_original",200000,250,250,250,250,34.84,32.66,94.8,91.6,97.1,95.7,90.4,9.6,1,"HN5N2DRX7"
"AS1","M0006","run2_original",80973,250,250,250,250,34.83,32.86,94.9,93.3,94.6,93.6,85.5,14.5,1,"HN5N2DRX7"
"AS2","M0007","run2_original",89498,250,250,250,250,35.61,32.73,96.9,91.8,94.6,93.7,86.5,13.5,1,"HN5N2DRX7"
"AS3","M0008","run2_original",100968,250,250,250,250,35.72,33.58,96.5,93.1,96.2,94.8,77.9,22.1,1,"HN5N2DRX7"
"AS4","M0009","run2_original",200000,250,250,250,250,35.71,34.78,96,97.5,95.7,95.2,50.7,49.3,2,"HN5N2DRX7;HN7YNDRX7"
"AS5","M0010","run2_original",141774,250,250,250,250,36.06,35.54,96.3,98.5,93.3,95.5,12.8,87.2,2,"HN5N2DRX7;HN7YNDRX7"
"ARTSEP","M0011","run2_original",200000,250,250,250,250,36.02,35.34,96.3,98.1,95.4,96.1,19.7,80.3,2,"HN5N2DRX7;HN7YNDRX7"
"NEGCON1","M0012","run2_original",200000,250,250,250,250,35.81,33.7,96.6,93.6,95.9,94.4,87.6,12.4,1,"HN5N2DRX7"
"WF1","M0013","run2_original",200000,250,250,250,250,35.69,34.83,96.4,97.6,95.4,95.3,55.2,44.8,2,"HN5N2DRX7;HN7YNDRX7"
"WF2","M0014","run2_original",57975,250,250,250,250,35.32,33.23,95.7,93.4,94.5,93.3,73.2,26.8,1,"HN5N2DRX7"
"WF3","M0015","resequenced_2026-09-22",58853,250,250,250,250,35.1,34.28,80.4,95.7,92.9,92.2,42.6,57.4,3,"HN5N2DRX7;HN7YNDRX7;HVJ25DRX7"
"WF4","M0016","resequenced_2026-09-22",65154,250,250,250,250,35.81,34.36,95.5,95.7,92.8,92.2,39.8,60.2,3,"HN5N2DRX7;HN7YNDRX7;HVJ25DRX7"
"WF5","M0017","run2_original",53406,250,250,250,250,35.71,34.32,96.2,95.8,95.7,94.9,41.7,58.3,1,"HN5N2DRX7"
"WF6","M0018","run2_original",55994,250,250,250,250,35.94,34.38,96.3,96.2,95.8,94.7,40.3,59.7,1,"HN5N2DRX7"
"WS1","M0019","run2_original",51786,250,250,250,250,35.94,34.42,96.1,95.9,94.1,93.4,37.7,62.3,2,"HN5N2DRX7;HN7YNDRX7"
"WS2","M0020","resequenced_2026-09-22",63721,250,250,250,250,35.83,34.05,96.1,94.6,95.3,94.4,49.3,50.7,3,"HN5N2DRX7;HN7YNDRX7;HVJ25DRX7"
"WS3","M0021","resequenced_2026-09-22",115973,250,250,250,250,35.94,35.14,95.1,98,95.5,94.6,16.4,83.6,3,"HN5N2DRX7;HN7YNDRX7;HVJ25DRX7"
"WS4","M0022","run2_original",200000,250,250,250,250,35.63,32.55,96.6,91.6,97.1,96.1,93.3,6.7,1,"HN5N2DRX7"
"WS5","M0023","run2_original",200000,250,250,250,250,35.25,32.71,95.9,92.1,96,95.6,87.9,12.1,1,"HN5N2DRX7"
"WS6","M0024","run2_original",200000,250,250,250,250,35.87,32.75,97.3,90.9,96.7,95.6,87.7,12.3,1,"HN5N2DRX7"
"NEGCON2","M0025","run2_original",158005,250,250,250,250,35.7,32.88,96.7,93,96.2,95.1,84.6,15.4,1,"HN5N2DRX7"
