"Name","input","filtered","denoisedF","denoisedR","merged","len_filt","nonchim","final","pct_kept","source"
"AF1",92476,83573,82918,81435,55719,55638,54549,54438,58.9,"run2_original"
"AF2",177418,159975,158879,158305,103216,103142,89584,89584,50.5,"run2_original"
"AF3",80136,72499,65249,67382,15603,15480,15149,15149,18.9,"run2_original"
"AF4",75943,69279,62624,64681,17483,17383,17062,17062,22.5,"run2_original"
"AF5",209516,181709,181293,179940,13702,13393,13054,8606,4.1,"run2_original"
"AS1",80973,71597,71043,70721,7169,6742,6616,5883,7.3,"run2_original"
"AS2",89498,79532,79130,78297,7218,6653,6491,5773,6.5,"run2_original"
"AS3",100968,90465,89985,86576,16551,15606,15182,14192,14.1,"run2_original"
"AS4",202731,182098,181115,175407,83628,82804,76216,75311,37.1,"run2_original"
"AS5",141774,129841,122270,122649,80023,79728,67593,67593,47.7,"run2_original"
"ARTSEP",257119,233839,231873,231642,179155,178635,97582,97582,38,"run2_original"
"NEGCON1",231502,208763,208577,199991,17678,17446,16853,14089,6.1,"run2_original"
"WF1",572199,512696,510888,489115,218481,214486,189762,186575,32.6,"run2_original"
"WF2",57975,51919,51617,51017,11264,11219,11127,11127,19.2,"run2_original"
"WF3",58853,45568,44448,44407,27506,27391,26563,26563,45.1,"resequenced_2026-09-22"
"WF4",65154,59289,58059,57897,31634,31515,30057,30057,46.1,"resequenced_2026-09-22"
"WF5",53406,49353,47922,47945,24010,23933,21377,21377,40,"run2_original"
"WF6",55994,51966,50486,50336,25493,25420,22369,22369,39.9,"run2_original"
"WS1",51786,47700,46031,45876,24529,24296,21764,21764,42,"run2_original"
"WS2",63721,57782,57018,56469,26974,26866,26380,26380,41.4,"resequenced_2026-09-22"
"WS3",115973,107742,106345,105798,84756,84509,81746,81746,70.5,"resequenced_2026-09-22"
"WS4",321906,284733,284088,282108,12155,11868,10803,5843,1.8,"run2_original"
"WS5",235874,208515,207860,207040,19877,19150,18111,14096,6,"run2_original"
"WS6",256642,226761,226134,224516,21604,20748,19398,14683,5.7,"run2_original"
"NEGCON2",158005,141948,141129,140120,16517,15978,15136,12728,8.1,"run2_original"
