"BMK_id","Name","source","R1","R2","reads_R1"
"M0001","AF1","run2_original","/fs/dss/home/edlu7821/16S_final/raw_fq/Unknown_CS705-003M0001_1.fq","/fs/dss/home/edlu7821/16S_final/raw_fq/Unknown_CS705-003M0001_2.fq",NA
"M0002","AF2","run2_original","/fs/dss/home/edlu7821/16S_final/raw_fq/Unknown_CS705-003M0002_1.fq","/fs/dss/home/edlu7821/16S_final/raw_fq/Unknown_CS705-003M0002_2.fq",NA
"M0003","AF3","run2_original","/fs/dss/home/edlu7821/16S_final/raw_fq/Unknown_CS705-003M0003_1.fq","/fs/dss/home/edlu7821/16S_final/raw_fq/Unknown_CS705-003M0003_2.fq",NA
"M0004","AF4","run2_original","/fs/dss/home/edlu7821/16S_final/raw_fq/Unknown_CS705-003M0004_1.fq","/fs/dss/home/edlu7821/16S_final/raw_fq/Unknown_CS705-003M0004_2.fq",NA
"M0005","AF5","run2_original","/fs/dss/home/edlu7821/16S_final/raw_fq/Unknown_CS705-003M0005_1.fq","/fs/dss/home/edlu7821/16S_final/raw_fq/Unknown_CS705-003M0005_2.fq",NA
"M0006","AS1","run2_original","/fs/dss/home/edlu7821/16S_final/raw_fq/Unknown_CS705-003M0006_1.fq","/fs/dss/home/edlu7821/16S_final/raw_fq/Unknown_CS705-003M0006_2.fq",NA
"M0007","AS2","run2_original","/fs/dss/home/edlu7821/16S_final/raw_fq/Unknown_CS705-003M0007_1.fq","/fs/dss/home/edlu7821/16S_final/raw_fq/Unknown_CS705-003M0007_2.fq",NA
"M0008","AS3","run2_original","/fs/dss/home/edlu7821/16S_final/raw_fq/Unknown_CS705-003M0008_1.fq","/fs/dss/home/edlu7821/16S_final/raw_fq/Unknown_CS705-003M0008_2.fq",NA
"M0009","AS4","run2_original","/fs/dss/home/edlu7821/16S_final/raw_fq/Unknown_CS705-003M0009_1.fq","/fs/dss/home/edlu7821/16S_final/raw_fq/Unknown_CS705-003M0009_2.fq",NA
"M0010","AS5","run2_original","/fs/dss/home/edlu7821/16S_final/raw_fq/Unknown_CS705-003M0010_1.fq","/fs/dss/home/edlu7821/16S_final/raw_fq/Unknown_CS705-003M0010_2.fq",NA
"M0011","ARTSEP","run2_original","/fs/dss/home/edlu7821/16S_final/raw_fq/Unknown_CS705-003M0011_1.fq","/fs/dss/home/edlu7821/16S_final/raw_fq/Unknown_CS705-003M0011_2.fq",NA
"M0012","NEGCON1","run2_original","/fs/dss/home/edlu7821/16S_final/raw_fq/Unknown_CS705-003M0012_1.fq","/fs/dss/home/edlu7821/16S_final/raw_fq/Unknown_CS705-003M0012_2.fq",NA
"M0013","WF1","run2_original","/fs/dss/home/edlu7821/16S_final/raw_fq/Unknown_CS705-003M0013_1.fq","/fs/dss/home/edlu7821/16S_final/raw_fq/Unknown_CS705-003M0013_2.fq",NA
"M0014","WF2","run2_original","/fs/dss/home/edlu7821/16S_final/raw_fq/Unknown_CS705-003M0014_1.fq","/fs/dss/home/edlu7821/16S_final/raw_fq/Unknown_CS705-003M0014_2.fq",NA
"M0015","WF3","resequenced_2026-09-22","/fs/dss/home/edlu7821/16S_final/raw_fq/Unknown_CS705-003M0015_1.fq","/fs/dss/home/edlu7821/16S_final/raw_fq/Unknown_CS705-003M0015_2.fq",NA
"M0016","WF4","resequenced_2026-09-22","/fs/dss/home/edlu7821/16S_final/raw_fq/Unknown_CS705-003M0016_1.fq","/fs/dss/home/edlu7821/16S_final/raw_fq/Unknown_CS705-003M0016_2.fq",NA
"M0017","WF5","run2_original","/fs/dss/home/edlu7821/16S_final/raw_fq/Unknown_CS705-003M0017_1.fq","/fs/dss/home/edlu7821/16S_final/raw_fq/Unknown_CS705-003M0017_2.fq",NA
"M0018","WF6","run2_original","/fs/dss/home/edlu7821/16S_final/raw_fq/Unknown_CS705-003M0018_1.fq","/fs/dss/home/edlu7821/16S_final/raw_fq/Unknown_CS705-003M0018_2.fq",NA
"M0019","WS1","run2_original","/fs/dss/home/edlu7821/16S_final/raw_fq/Unknown_CS705-003M0019_1.fq","/fs/dss/home/edlu7821/16S_final/raw_fq/Unknown_CS705-003M0019_2.fq",NA
"M0020","WS2","resequenced_2026-09-22","/fs/dss/home/edlu7821/16S_final/raw_fq/Unknown_CS705-003M0020_1.fq","/fs/dss/home/edlu7821/16S_final/raw_fq/Unknown_CS705-003M0020_2.fq",NA
"M0021","WS3","resequenced_2026-09-22","/fs/dss/home/edlu7821/16S_final/raw_fq/Unknown_CS705-003M0021_1.fq","/fs/dss/home/edlu7821/16S_final/raw_fq/Unknown_CS705-003M0021_2.fq",NA
"M0022","WS4","run2_original","/fs/dss/home/edlu7821/16S_final/raw_fq/Unknown_CS705-003M0022_1.fq","/fs/dss/home/edlu7821/16S_final/raw_fq/Unknown_CS705-003M0022_2.fq",NA
"M0023","WS5","run2_original","/fs/dss/home/edlu7821/16S_final/raw_fq/Unknown_CS705-003M0023_1.fq","/fs/dss/home/edlu7821/16S_final/raw_fq/Unknown_CS705-003M0023_2.fq",NA
"M0024","WS6","run2_original","/fs/dss/home/edlu7821/16S_final/raw_fq/Unknown_CS705-003M0024_1.fq","/fs/dss/home/edlu7821/16S_final/raw_fq/Unknown_CS705-003M0024_2.fq",NA
"M0025","NEGCON2","run2_original","/fs/dss/home/edlu7821/16S_final/raw_fq/Unknown_CS705-003M0025_1.fq","/fs/dss/home/edlu7821/16S_final/raw_fq/Unknown_CS705-003M0025_2.fq",NA
