Parameter,Term,Df,F,p,Df_residual
Total protein,Organism,1,1.356072645170801,0.25942176337432643,18
Total protein,Treatment,1,28.876759848687918,4.165014561822266e-5,18
Total protein,Organism:Treatment,1,0.5246156729952987,0.47818891528032337,18
Symbionts per animal,Organism,1,3.48565363108884,0.07827766943596838,18
Symbionts per animal,Treatment,1,15.605541697297278,9.379729262189858e-4,18
Symbionts per animal,Organism:Treatment,1,7.657773195438855,0.012695507700135408,18
Symbiont density,Organism,1,2.3500752893339927,0.14266500597550338,18
Symbiont density,Treatment,1,5.015731431404033,0.03798102555111184,18
Symbiont density,Organism:Treatment,1,8.572060910716935,0.008988437700408174,18
Net O2 per animal,Organism,1,0.4270592271635513,0.5216967166762598,18
Net O2 per animal,Treatment,1,58.4183276717203,4.6644414500765155e-7,18
Net O2 per animal,Organism:Treatment,1,15.61743344264469,9.34833427185731e-4,18
O2 per protein,Organism,1,0.602735125417619,0.44761855540490103,18
O2 per protein,Treatment,1,12.269852877020845,0.002540683617806633,18
O2 per protein,Organism:Treatment,1,13.74542681015554,0.001611576829435566,18
Fv/Fm,Organism,1,0.3186653640936974,0.5793781662921207,18
Fv/Fm,Treatment,1,12.343362126892618,0.0024822514612173495,18
Fv/Fm,Organism:Treatment,1,11.670216510254786,0.003079214164081208,18
NH4 per protein,Organism,1,1.0368003814698432,0.3220585107396935,18
NH4 per protein,Treatment,1,4.0965812403309485,0.05807214392842135,18
NH4 per protein,Organism:Treatment,1,15.7834208423404,8.922140223423021e-4,18
O2 per cell,Organism,1,3.3287104860245296,0.08472505097629603,18
O2 per cell,Treatment,1,1.50785479928913,0.23528264420230843,18
O2 per cell,Organism:Treatment,1,0.12479011446395137,0.7279995615848872,18
