Parameter,Organism,Treatment,n,Shapiro_p,Levene_p,Normality_ok,Equal_variance_ok
Total protein,Exaiptasia,Fed,5,0.42892991541316433,0.008113853926582872,TRUE,FALSE
Total protein,Exaiptasia,Starved,5,0.9244961294559738,0.008113853926582872,TRUE,FALSE
Total protein,Waminoa,Fed,6,0.4700628946678079,0.008113853926582872,TRUE,FALSE
Total protein,Waminoa,Starved,6,0.7125194836733622,0.008113853926582872,TRUE,FALSE
Symbionts per animal,Exaiptasia,Fed,5,0.10456570935418191,0.48481176234900336,TRUE,TRUE
Symbionts per animal,Exaiptasia,Starved,5,0.31654401754539097,0.48481176234900336,TRUE,TRUE
Symbionts per animal,Waminoa,Fed,6,0.20057471482566294,0.48481176234900336,TRUE,TRUE
Symbionts per animal,Waminoa,Starved,6,0.4651047569264829,0.48481176234900336,TRUE,TRUE
Symbiont density,Exaiptasia,Fed,5,0.11005668144816286,0.6581558875253437,TRUE,TRUE
Symbiont density,Exaiptasia,Starved,5,0.14847364152413706,0.6581558875253437,TRUE,TRUE
Symbiont density,Waminoa,Fed,6,0.7399801514154398,0.6581558875253437,TRUE,TRUE
Symbiont density,Waminoa,Starved,6,0.20057302265686078,0.6581558875253437,TRUE,TRUE
Net O2 per animal,Exaiptasia,Fed,5,0.09251289235382024,0.6507093583143171,TRUE,TRUE
Net O2 per animal,Exaiptasia,Starved,5,0.19825336135332505,0.6507093583143171,TRUE,TRUE
Net O2 per animal,Waminoa,Fed,6,0.5735928444499927,0.6507093583143171,TRUE,TRUE
Net O2 per animal,Waminoa,Starved,6,0.45264355841811915,0.6507093583143171,TRUE,TRUE
O2 per protein,Exaiptasia,Fed,5,0.1407766280752225,0.8115159555197142,TRUE,TRUE
O2 per protein,Exaiptasia,Starved,5,0.30252354167381335,0.8115159555197142,TRUE,TRUE
O2 per protein,Waminoa,Fed,6,0.7536226269846227,0.8115159555197142,TRUE,TRUE
O2 per protein,Waminoa,Starved,6,0.15392315851908833,0.8115159555197142,TRUE,TRUE
Fv/Fm,Exaiptasia,Fed,5,0.8256272946887562,0.18250011823105505,TRUE,TRUE
Fv/Fm,Exaiptasia,Starved,5,0.67466317319504,0.18250011823105505,TRUE,TRUE
Fv/Fm,Waminoa,Fed,6,0.5433532729072823,0.18250011823105505,TRUE,TRUE
Fv/Fm,Waminoa,Starved,6,0.7801596539163578,0.18250011823105505,TRUE,TRUE
NH4 per protein,Exaiptasia,Fed,5,0.8333443981502087,0.2645731798779857,TRUE,TRUE
NH4 per protein,Exaiptasia,Starved,5,0.6457043091702404,0.2645731798779857,TRUE,TRUE
NH4 per protein,Waminoa,Fed,6,0.7079548307476649,0.2645731798779857,TRUE,TRUE
NH4 per protein,Waminoa,Starved,6,0.007699489106321241,0.2645731798779857,FALSE,TRUE
O2 per cell,Exaiptasia,Fed,5,0.005963725481959038,0.8901668148439837,FALSE,TRUE
O2 per cell,Exaiptasia,Starved,5,0.36181380751087666,0.8901668148439837,TRUE,TRUE
O2 per cell,Waminoa,Fed,6,0.03633295001552152,0.8901668148439837,FALSE,TRUE
O2 per cell,Waminoa,Starved,6,0.21539568194128841,0.8901668148439837,TRUE,TRUE
