Parameter,Organism,n_Fed,n_Starved,Fed_mean,Fed_SD,Starved_mean,Starved_SD,Change_pct,t,df,p_Welch,p_permutation,Hedges_g,p_adj
Total protein,Exaiptasia,5,5,160.158103,27.686106074515024,96.5033282,9.54752364050342,-39.744960515672446,4.860203357622629,4.938099449806981,0.004788761176266773,0.007936507936507936,2.776391935788328,0.009577522352533546
Total protein,Waminoa,6,6,186.01768433333334,49.15125461564002,102.53010666666667,24.056041664258803,-44.88152724074426,3.737080912758533,7.26541698456729,0.006815027234611293,0.004329004329004329,1.991635080890355,0.009577522352533546
Symbionts per animal,Exaiptasia,5,5,118.3566666666,53.34529761640044,22.1,10.346886273391357,-81.32762553861568,3.960959125614705,4.300540374327488,0.014465023752170594,0.015873015873015872,2.262698526203877,0.028930047504341187
Symbionts per animal,Waminoa,6,6,51.95277777766667,37.19316158280924,35,16.915658426440277,-32.631128695787055,1.0163120731920923,6.983610344922523,0.3433904873371241,0.37012987012987014,0.541632045265958,0.3433904873371241
Symbiont density,Exaiptasia,5,5,743.9301989083051,336.86794275218676,229.06834294621302,109.01197356270039,-69.20835539646544,3.2515463994778746,4.828671430317309,0.023831104384641862,0.031746031746031744,1.8574463943351915,0.047662208769283725
Symbiont density,Waminoa,6,6,299.4703823153723,195.32381578452464,368.04289214098765,237.69140976561889,22.89792709898156,-0.5459697426235297,9.637900445207167,0.597496139339947,0.6147186147186147,-0.2909684103443867,0.597496139339947
Net O2 per animal,Exaiptasia,5,5,4.023819731341936,1.067962117070629,0.4189124864531412,0.44880695507309515,-89.58918355138553,6.95837082229517,5.370120516539908,7.020291104464267e-4,0.007936507936507936,3.974970431421431,0.0014040582208928534
Net O2 per animal,Waminoa,6,6,2.998350333918395,0.3556731707547544,1.850726457220515,0.8354309239279937,-38.27517630997133,3.095946910166248,6.754862166906494,0.0182260054630098,0.021645021645021644,1.6499499525980985,0.0182260054630098
O2 per protein,Exaiptasia,5,5,0.8190167151567426,0.32983070389430963,0.13770339103648668,0.14579358059600686,-83.1867422864339,4.224609995878817,5.505614140745098,0.006701819494063877,0.007936507936507936,2.413309127490098,0.013403638988127754
O2 per protein,Waminoa,6,6,0.5420507262436027,0.18507523752493515,0.5613881705791921,0.1924520631283148,3.567460276199121,-0.17740197256873505,9.984762683918039,0.8627398262819248,0.8744588744588745,-0.09454437841599674,0.8627398262819248
Fv/Fm,Exaiptasia,5,5,0.6552,0.05356958092051868,0.5482,0.014788509052639459,-16.33089133089133,4.305286010375601,4.606159894250394,0.009228872093022786,0.007936507936507936,2.4593953135154454,0.018457744186045573
Fv/Fm,Waminoa,6,6,0.6111666666666666,0.021188833537188107,0.6096666666666667,0.04197936000782607,-0.24543223343331538,0.07813571632337735,7.392385665868355,0.9397932804625354,0.9393939393939394,0.041641547863962604,0.9397932804625354
NH4 per protein,Exaiptasia,5,5,0.04827120751496862,0.007486170937873101,-1.7762792195949052e-4,0.028208333272588544,-100.36797903160887,3.712030655635931,4.56066778500475,0.01631402020751149,0.007936507936507936,2.120498098406292,0.03262804041502298
NH4 per protein,Waminoa,6,6,0.024400789531097714,0.009410265686773382,0.04014554740160757,0.0226215731760158,64.52560828182985,-1.57409716612767,6.680135706938224,0.16150353168177292,0.10606060606060606,-0.8388973131640958,0.16150353168177292
O2 per cell,Exaiptasia,5,5,1.671277081067762,1.728017012383674,0.6412767973448693,0.7117588767721146,-61.62953440759421,1.2323816341682967,5.319276625724252,0.26948379272299483,0.24603174603174602,0.7039982031929145,0.5389675854459897
O2 per cell,Waminoa,6,6,2.629632929496278,1.842964480237105,2.059856973886703,1.4634117168053942,-21.66750914998311,0.5930614064094244,9.511593101630925,0.5669726444118242,0.551948051948052,0.31606538089519315,0.5669726444118242
