Parameter,Organism,Treatment,n,Mean,SD,Median,Min,Max
Total protein,Exaiptasia,Fed,5,160.158103,27.686106074515024,152.120168,132.728242,205.272914
Total protein,Exaiptasia,Starved,5,96.5033282,9.54752364050342,98.361536,82.477715,108.218869
Total protein,Waminoa,Fed,6,186.01768433333334,49.15125461564002,190.014317,127.176523,247.772179
Total protein,Waminoa,Starved,6,102.53010666666667,24.056041664258803,108.7625765,67.907771,131.653348
Symbionts per animal,Exaiptasia,Fed,5,118.3566666666,53.34529761640044,130.833333333,26.95,165.16666666700002
Symbionts per animal,Exaiptasia,Starved,5,22.1,10.346886273391357,19.116666667,13.35,38.45
Symbionts per animal,Waminoa,Fed,6,51.95277777766667,37.19316158280924,39.6916666665,12.983333333000001,120.5
Symbionts per animal,Waminoa,Starved,6,35,16.915658426440277,32.5125,14.875,55.975
Symbiont density,Exaiptasia,Fed,5,743.9301989083051,336.86794275218676,894.9457418201149,177.16257058038482,1004.1880030544907
Symbiont density,Exaiptasia,Starved,5,229.06834294621302,109.01197356270039,194.35103846893975,140.42441296943545,413.2247836427038
Symbiont density,Waminoa,Fed,6,299.4703823153723,195.32381578452464,264.7554774956249,52.40028717267729,557.6991696349954
Symbiont density,Waminoa,Starved,6,368.04289214098765,237.69140976561889,296.2352234160722,154.9523829807959,791.1465684833037
Net O2 per animal,Exaiptasia,Fed,5,4.023819731341936,1.067962117070629,3.5625,3.17219387755102,5.84659090909091
Net O2 per animal,Exaiptasia,Starved,5,0.4189124864531412,0.44880695507309515,0.159592529711374,-0.02252944188428,0.98689516129032
Net O2 per animal,Waminoa,Fed,6,2.998350333918395,0.3556731707547544,2.945846970708855,2.5770416024653295,3.46207792207792
Net O2 per animal,Waminoa,Starved,6,1.850726457220515,0.8354309239279937,1.60021735021735,0.950450450450451,3.1095902353966896
O2 per protein,Exaiptasia,Fed,5,0.8190167151567426,0.32983070389430963,0.678091099430579,0.5291677112204055,1.376541745419117
O2 per protein,Exaiptasia,Starved,5,0.13770339103648668,0.14579358059600686,0.06046804950258912,-0.0065057514035167935,0.331444684250832
O2 per protein,Waminoa,Fed,6,0.5420507262436027,0.18507523752493515,0.5102617573098924,0.3250266046901156,0.818747765821104
O2 per protein,Waminoa,Starved,6,0.5613881705791921,0.1924520631283148,0.5854765723924656,0.3338716510853803,0.758114702467258
Fv/Fm,Exaiptasia,Fed,5,0.6552,0.05356958092051868,0.645,0.582,0.718
Fv/Fm,Exaiptasia,Starved,5,0.5482,0.014788509052639459,0.551,0.532,0.569
Fv/Fm,Waminoa,Fed,6,0.6111666666666666,0.021188833537188107,0.606,0.587,0.641
Fv/Fm,Waminoa,Starved,6,0.6096666666666667,0.04197936000782607,0.607,0.552,0.678
NH4 per protein,Exaiptasia,Fed,5,0.04827120751496862,0.007486170937873101,0.04674033939817427,0.03768657964383565,0.05735407273005244
NH4 per protein,Exaiptasia,Starved,5,-1.7762792195949052e-4,0.028208333272588544,0.002981936223621132,-0.04104502542380258,0.027813037283191674
NH4 per protein,Waminoa,Fed,6,0.024400789531097714,0.009410265686773382,0.023765614687481222,0.013467076683085069,0.040075203391328626
NH4 per protein,Waminoa,Starved,6,0.04014554740160757,0.0226215731760158,0.030659025681698072,0.02593781530158026,0.08459385698287757
O2 per cell,Exaiptasia,Fed,5,1.671277081067762,1.728017012383674,0.7576896204360911,0.6740350655889524,4.709940087669539
O2 per cell,Exaiptasia,Starved,5,0.6412767973448693,0.7117588767721146,0.37357801898729864,-0.027627667451653078,1.7974549056669284
O2 per cell,Waminoa,Fed,6,2.629632929496278,1.842964480237105,2.2969410936522126,0.8978417847712448,6.2027638058363905
O2 per cell,Waminoa,Starved,6,2.059856973886703,1.4634117168053942,1.7985653108828503,0.6873337454423907,4.76346543412483
