Figure,Parameter,Host,n_Fed,n_Starved,p_Welch,p_Holm
4,Total protein,Exaiptasia,5,5,0.004788761176266773,0.009577522352533546
4,Total protein,Waminoa,6,6,0.006815027234611293,0.009577522352533546
5,Symbionts per animal,Exaiptasia,5,5,0.014465023752170594,0.028930047504341187
5,Symbionts per animal,Waminoa,6,6,0.3433904873371241,0.3433904873371241
6,Symbiont density,Exaiptasia,5,5,0.023831104384641862,0.047662208769283725
6,Symbiont density,Waminoa,6,6,0.597496139339947,0.597496139339947
7,Net O2 per animal,Exaiptasia,5,5,7.020291104464267e-4,0.0014040582208928534
7,Net O2 per animal,Waminoa,6,6,0.0182260054630098,0.0182260054630098
8,O2 per protein,Exaiptasia,5,5,0.006701819494063877,0.013403638988127754
8,O2 per protein,Waminoa,6,6,0.8627398262819248,0.8627398262819248
9,Fv/Fm,Exaiptasia,5,5,0.009228872093022786,0.018457744186045573
9,Fv/Fm,Waminoa,6,6,0.9397932804625354,0.9397932804625354
10,NH4 per protein,Exaiptasia,5,5,0.01631402020751149,0.03262804041502298
10,NH4 per protein,Waminoa,6,6,0.16150353168177292,0.16150353168177292
11,O2 per cell,Exaiptasia,5,5,0.26948379272299483,0.5389675854459897
11,O2 per cell,Waminoa,6,6,0.5669726444118242,0.5669726444118242
