Parameter,Unit,Host,Fed,Starved,Change (%),"p (fed vs starved, Holm)",Organism x treatment
Total protein,ug animal-1,Exaiptasia,160.2 ± 27.7,96.5 ± 9.5,-40,0.010,"F = 0.52, p = 0.478"
Total protein,ug animal-1,Waminoa,186.0 ± 49.2,102.5 ± 24.1,-45,0.010,
Symbionts per animal,x 10^3 cells animal-1,Exaiptasia,118.4 ± 53.3,22.1 ± 10.3,-81,0.029,"F = 7.66, p = 0.013"
Symbionts per animal,x 10^3 cells animal-1,Waminoa,52.0 ± 37.2,35.0 ± 16.9,-33,0.343,
Symbiont density,cells ug-1 protein,Exaiptasia,743.9 ± 336.9,229.1 ± 109.0,-69,0.048,"F = 8.57, p = 0.009"
Symbiont density,cells ug-1 protein,Waminoa,299.5 ± 195.3,368.0 ± 237.7,+23,0.597,
Net O2 per animal,ug O2 h-1 animal-1,Exaiptasia,4.02 ± 1.07,0.42 ± 0.45,-90,0.001,"F = 15.62, p < 0.001"
Net O2 per animal,ug O2 h-1 animal-1,Waminoa,3.00 ± 0.36,1.85 ± 0.84,-38,0.018,
O2 per protein,nmol O2 h-1 ug-1 protein,Exaiptasia,0.82 ± 0.33,0.14 ± 0.15,-83,0.013,"F = 13.75, p = 0.002"
O2 per protein,nmol O2 h-1 ug-1 protein,Waminoa,0.54 ± 0.19,0.56 ± 0.19,+4,0.863,
Fv/Fm,dimensionless,Exaiptasia,0.655 ± 0.054,0.548 ± 0.015,-16,0.018,"F = 11.67, p = 0.003"
Fv/Fm,dimensionless,Waminoa,0.611 ± 0.021,0.610 ± 0.042,0,0.940,
NH4 per protein,uM ug-1 protein,Exaiptasia,0.048 ± 0.007,-0.000 ± 0.028,-100,0.033,"F = 15.78, p < 0.001"
NH4 per protein,uM ug-1 protein,Waminoa,0.024 ± 0.009,0.040 ± 0.023,+65,0.162,
O2 per cell,pmol O2 h-1 cell-1,Exaiptasia,1.7 ± 1.7,0.6 ± 0.7,-62,0.539,"F = 0.12, p = 0.728"
O2 per cell,pmol O2 h-1 cell-1,Waminoa,2.6 ± 1.8,2.1 ± 1.5,-22,0.567,
